pos	chr	genomicPos	ref_id	strand	ref_kmer	GMM_chi2_pvalue	GMM_chi2_qvalue	KS_dwell_pvalue	KS_dwell_qvalue	KS_intensity_pvalue	KS_intensity_qvalue	GMM_LOR	d37_2_mod	d37_2_unmod	stmv_a2_mod	stmv_a2_unmod
870	NA	NA	NC_003796.1	NA	ACGCC	0.017889464351309572	0.26476407239938166	0.2819734094249695	0.7749551693338358	0.047256969951352784	0.274196561860168	1.0260000228881836	15	10	96	185
876	NA	NA	NC_003796.1	NA	ACGTG	1.0	1.0	0.21372872801191797	0.6946183660387334	0.11841954214326661	0.274196561860168	-0.003000000026077032	10	15	121	177
879	NA	NA	NC_003796.1	NA	TGGCT			0.490270111251139	0.7749551693338358	0.12927066622098476	0.274196561860168		11	14	131	165
880	NA	NA	NC_003796.1	NA	GGCTG	0.5032050894945108	0.6853771535467086	0.24231012492239862	0.7603524609633888	0.12367270494327136	0.274196561860168	0.35100001096725464	12	13	118	181
882	NA	NA	NC_003796.1	NA	CTGTA	0.18871405433710395	0.5744771354603725	0.7056388381023304	0.7850210903005462	0.0956035853580402	0.274196561860168	-0.6060000061988831	13	12	110	188
883	NA	NA	NC_003796.1	NA	TGTAT	0.12885458379816303	0.47053289472177057	0.5473884065683589	0.7749551693338358	0.08192323707081035	0.274196561860168	-0.6949999928474426	17	9	141	157
884	NA	NA	NC_003796.1	NA	GTATA	0.2692310350637336	0.5744771354603725	0.6943231546832714	0.7850210903005462	0.08380883339631612	0.274196561860168	-0.5270000100135803	12	13	101	185
885	NA	NA	NC_003796.1	NA	TATAA	0.1284449719212806	0.47053289472177057	0.32904213081608163	0.7749551693338358	0.06919821221688621	0.274196561860168	0.6830000281333923	12	14	87	200
886	NA	NA	NC_003796.1	NA	ATAAT	0.2710589420908607	0.5744771354603725	0.7073816418092834	0.7850210903005462	0.10315435338821671	0.274196561860168	0.5239999890327454	12	13	104	190
889	NA	NA	NC_003796.1	NA	ATACG	0.7267935023228909	0.8027271518193123	0.37137248023296665	0.7749551693338358	0.10089297447267612	0.274196561860168	0.2290000021457672	10	15	104	191
890	NA	NA	NC_003796.1	NA	TACGT	0.33047904659137606	0.6036210755388456	0.512606283504932	0.7749551693338358	0.05816895965311814	0.274196561860168	-0.47099998593330383	13	12	118	176
891	NA	NA	NC_003796.1	NA	ACGTC	0.015117191708207516	0.26476407239938166	0.3116657320161616	0.7749551693338358	0.044901034742296626	0.274196561860168	1.0410000085830688	14	11	89	203
893	NA	NA	NC_003796.1	NA	GTCGT	0.014040992143987645	0.26476407239938166	0.0027614850251112075	0.21133699325101252	0.07256395410430459	0.274196561860168	1.0779999494552612	18	8	124	173
894	NA	NA	NC_003796.1	NA	TCGTT	0.29653801346668374	0.5930760269333675	0.7374577086342445	0.7989125176870983	0.08476543322642503	0.274196561860168	0.492000013589859	15	11	131	161
895	NA	NA	NC_003796.1	NA	CGTTG	0.46554058069212534	0.6754902543375937	0.6484014005944063	0.7749551693338358	0.1068577873533825	0.274196561860168	0.39100000262260437	8	18	116	166
896	NA	NA	NC_003796.1	NA	GTTGA	0.509401938446878	0.6853771535467086	0.42723329453597364	0.7749551693338358	0.13892637841873356	0.274196561860168	-0.35199999809265137	11	14	102	182
901	NA	NA	NC_003796.1	NA	CAAGT	0.0450437898274709	0.32480155624507084	0.941042950676915	0.9514989834622141	0.2151870356790899	0.274196561860168	-0.8790000081062317	13	12	88	198
902	NA	NA	NC_003796.1	NA	AAGTA	0.2831875438171505	0.582107728957476	0.8668292961227699	0.9174482032722735	0.16870849963445783	0.274196561860168	0.5180000066757202	15	10	129	149
903	NA	NA	NC_003796.1	NA	AGTAC	0.07660260315883141	0.40489947383953745	0.5710973895816898	0.7749551693338358	0.10948818888807207	0.274196561860168	-0.7950000166893005	15	10	108	165
906	NA	NA	NC_003796.1	NA	ACGAA	0.3802462308949197	0.6411614760235639	0.4320850285661586	0.7749551693338358	0.19304728343046534	0.274196561860168	0.44699999690055847	11	13	101	185
907	NA	NA	NC_003796.1	NA	CGAAA			0.202706657086927	0.6831965109226058	0.18064737804831882	0.274196561860168		8	17	118	155
913	NA	NA	NC_003796.1	NA	CTTGT	0.2574351095225951	0.5744771354603725	0.5488772304602212	0.7749551693338358	0.12633669883667284	0.274196561860168	-0.5249999761581421	13	13	109	185
914	NA	NA	NC_003796.1	NA	TTGTT			0.4445011470775425	0.7749551693338358	0.16175425012874095	0.274196561860168		10	15	119	171
915	NA	NA	NC_003796.1	NA	TGTTA			0.013262659048115353	0.21133699325101252	0.1342513133130364	0.274196561860168		5	21	117	174
916	NA	NA	NC_003796.1	NA	GTTAG	0.6489543370996255	0.7566533503455014	0.3648063805136869	0.7749551693338358	0.15041163297730017	0.274196561860168	-0.26499998569488525	12	13	123	173
917	NA	NA	NC_003796.1	NA	TTAGT	0.00853462289837338	0.26476407239938166	0.01103620144193256	0.21133699325101252	0.2710945968662046	0.297224196564152	1.1649999618530273	14	9	94	202
918	NA	NA	NC_003796.1	NA	TAGTG	0.6407528237325436	0.7566533503455014	0.9080645779994507	0.9390213249767048	0.2014787770502866	0.274196561860168	0.27799999713897705	10	15	99	191
919	NA	NA	NC_003796.1	NA	AGTGT	0.4243570882949327	0.668136692209043	0.7035161939573639	0.7850210903005462	0.2309415978542665	0.274196561860168	0.40799999237060547	11	14	99	187
920	NA	NA	NC_003796.1	NA	GTGTT	0.19772816888529665	0.5744771354603725	0.12411851131143337	0.5378468823495446	0.2315623467816837	0.274196561860168	-0.5979999899864197	13	12	102	173
921	NA	NA	NC_003796.1	NA	TGTTT	0.03657805560965853	0.32480155624507084	0.15137718168972406	0.5989271101636908	0.11131008890774922	0.274196561860168	0.9089999794960022	16	10	103	166
924	NA	NA	NC_003796.1	NA	TTTTC	0.3382535923785834	0.6036210755388456	0.3313635360002253	0.7749551693338358	0.14971366308502065	0.274196561860168	0.4569999873638153	13	13	113	179
925	NA	NA	NC_003796.1	NA	TTTCC	0.38123114790590285	0.6411614760235639	0.2822340496287485	0.7749551693338358	0.15031475738656278	0.274196561860168	0.4269999861717224	12	14	107	190
926	NA	NA	NC_003796.1	NA	TTCCC	0.34259574557610156	0.6036210755388456	0.06328304611808365	0.4798964330621343	0.16204082731980865	0.274196561860168	0.4560000002384186	12	14	105	192
927	NA	NA	NC_003796.1	NA	TCCCT			0.07752197464896583	0.5038928352182779	0.16204082731980865	0.274196561860168		16	10	117	180
928	NA	NA	NC_003796.1	NA	CCCTC	0.9012297769724557	0.9527286213708817	0.26426456807210974	0.7749551693338358	0.17447871310135213	0.274196561860168	0.12700000405311584	13	13	139	158
929	NA	NA	NC_003796.1	NA	CCTCC	0.9845427445022856	1.0	0.35886262876918384	0.7749551693338358	0.16932208369930382	0.274196561860168	-0.09099999815225601	10	15	127	169
930	NA	NA	NC_003796.1	NA	CTCCA			0.5924386355775153	0.7749551693338358	0.17423873851545973	0.274196561860168		11	15	129	163
931	NA	NA	NC_003796.1	NA	TCCAC	0.5187338070391379	0.6854696735874322	0.4975212643191815	0.7749551693338358	0.1571478637322235	0.274196561860168	0.335999995470047	12	14	113	183
932	NA	NA	NC_003796.1	NA	CCACT	0.03627922782040995	0.32480155624507084	0.016256691788539425	0.21133699325101252	0.13927546461009355	0.274196561860168	0.9190000295639038	17	9	124	173
933	NA	NA	NC_003796.1	NA	CACTT	0.04117045239685208	0.32480155624507084	0.1822656053298221	0.6488662663541047	0.14566184551741962	0.274196561860168	0.8859999775886536	16	10	115	181
934	NA	NA	NC_003796.1	NA	ACTTA	0.21213487145666485	0.5744771354603725	0.6487835544763342	0.7749551693338358	0.14764690846248105	0.274196561860168	-0.5879999995231628	17	9	147	147
935	NA	NA	NC_003796.1	NA	CTTAA			0.05453476676855597	0.4798964330621343	0.27828279120044236	0.3014730238004792		7	18	115	173
936	NA	NA	NC_003796.1	NA	TTAAA	0.2717121586636897	0.5744771354603725	0.7064623900812842	0.7850210903005462	0.2138025672539712	0.274196561860168	0.5130000114440918	13	13	108	181
937	NA	NA	NC_003796.1	NA	TAAAT			0.8703455258971279	0.9174482032722735	0.2529282691177676	0.280688688898986		10	16	138	150
940	NA	NA	NC_003796.1	NA	ATCGA	0.45473697362933707	0.6754902543375937	0.607071764846861	0.7749551693338358	0.1945724981698991	0.274196561860168	0.382999986410141	12	13	113	179
946	NA	NA	NC_003796.1	NA	GGGTT	0.3992814854091684	0.6565962204506325	0.6448393590833702	0.7749551693338358	0.3494783104885695	0.3494783104885695	0.4269999861717224	11	14	94	181
949	NA	NA	NC_003796.1	NA	TTTTG	0.5669573764807962	0.7110990823657445	0.6323175704609209	0.7749551693338358	0.23708809370928344	0.274196561860168	0.31200000643730164	12	13	120	177
950	NA	NA	NC_003796.1	NA	TTTGT	0.4638895947142244	0.6754902543375937	0.596032712163146	0.7749551693338358	0.24664116667868705	0.2805543270970065	-0.37599998712539673	12	13	115	181
953	NA	NA	NC_003796.1	NA	GTTTT			0.3704606209611859	0.7749551693338358	0.20861924871990242	0.274196561860168		14	11	124	146
954	NA	NA	NC_003796.1	NA	TTTTG	0.942592738642705	0.9824206008388756	0.9862322986020805	0.9862322986020805	0.22560829705482774	0.274196561860168	-0.11400000005960464	10	15	110	180
955	NA	NA	NC_003796.1	NA	TTTGG	0.25968378944006876	0.5744771354603725	0.3160869787172526	0.7749551693338358	0.21536093209701201	0.274196561860168	0.5350000262260437	12	13	104	192
956	NA	NA	NC_003796.1	NA	TTGGT	0.8059736309287548	0.8692366529536827	0.10256106095898472	0.5122574694940231	0.2276002612244411	0.274196561860168	-0.18199999630451202	11	14	117	176
957	NA	NA	NC_003796.1	NA	TGGTC	0.6646279428710485	0.7566533503455014	0.08751456468506938	0.5122574694940231	0.16050895606735735	0.274196561860168	-0.25999999046325684	11	14	107	174
960	NA	NA	NC_003796.1	NA	TCTTC	0.005365680070212463	0.26476407239938166	0.3900562967987132	0.7749551693338358	0.1787530525136023	0.274196561860168	1.2200000286102295	17	8	100	170
961	NA	NA	NC_003796.1	NA	CTTCC			0.6200845169522232	0.7749551693338358	0.2032604792066606	0.274196561860168		10	15	142	147
962	NA	NA	NC_003796.1	NA	TTCCC	1.0	1.0	0.6526255826606495	0.7749551693338358	0.16409046480837416	0.274196561860168	0.0689999982714653	13	13	140	150
963	NA	NA	NC_003796.1	NA	TCCCG	0.13352960525888083	0.47053289472177057	0.5541662957428823	0.7749551693338358	0.18845571055314383	0.274196561860168	-0.6690000295639038	14	12	106	180
964	NA	NA	NC_003796.1	NA	CCCGA	0.44465806398224716	0.6754902543375937	0.6424387160629617	0.7749551693338358	0.0929115318826032	0.274196561860168	0.3889999985694885	13	12	118	162
965	NA	NA	NC_003796.1	NA	CCGAA	0.1651683116456265	0.5314110896424505	0.18539036181545848	0.6488662663541047	0.1683280397327972	0.274196561860168	0.6449999809265137	17	9	134	142
966	NA	NA	NC_003796.1	NA	CGAAC			0.005457353235382459	0.21133699325101252	0.15312038497698682	0.274196561860168		17	9	126	152
967	NA	NA	NC_003796.1	NA	GAACG	0.4920109314009319	0.6853771535467086	0.6112144249226008	0.7749551693338358	0.18845571055314383	0.274196561860168	-0.3529999852180481	12	14	108	178
969	NA	NA	NC_003796.1	NA	ACGCA	0.2530964685735845	0.5744771354603725	0.5698465671610182	0.7749551693338358	0.23699259421670402	0.274196561860168	0.5339999794960022	12	14	95	188
970	NA	NA	NC_003796.1	NA	CGCAT			0.935603775512902	0.9514989834622141	0.238038773483003	0.274196561860168		14	12	128	145
971	NA	NA	NC_003796.1	NA	GCATA			0.09943841566163543	0.5122574694940231	0.22038880227092664	0.274196561860168		14	11	131	148
972	NA	NA	NC_003796.1	NA	CATAC	0.037564973163855986	0.32480155624507084	0.015226304254551314	0.21133699325101252	0.1548836568074108	0.274196561860168	0.9369999766349792	15	9	110	176
973	NA	NA	NC_003796.1	NA	ATACG	0.4878620828249076	0.6853771535467086	0.41627380592091534	0.7749551693338358	0.2275131358971245	0.274196561860168	-0.3529999852180481	13	13	117	167
974	NA	NA	NC_003796.1	NA	TACGT			0.5254473150496227	0.7749551693338358	0.21656331590434513	0.274196561860168		15	11	136	151
975	NA	NA	NC_003796.1	NA	ACGTT	0.3410698858706507	0.6036210755388456	0.2704668065740404	0.7749551693338358	0.2116043284873105	0.274196561860168	0.45500001311302185	13	13	110	174
976	NA	NA	NC_003796.1	NA	CGTTA			0.07083399374831396	0.49583795623819776	0.25026928094310985	0.280688688898986		9	17	144	145
977	NA	NA	NC_003796.1	NA	GTTAG	0.24787897759791966	0.5744771354603725	0.13943418172971805	0.5767504789729246	0.2157576717223625	0.274196561860168	-0.5339999794960022	13	13	108	185
978	NA	NA	NC_003796.1	NA	TTAGT	0.26472083714132816	0.5744771354603725	0.5927864838614395	0.7749551693338358	0.2300229737516371	0.274196561860168	0.5180000066757202	14	12	120	175
979	NA	NA	NC_003796.1	NA	TAGTG	0.5373612891980912	0.6976269368536623	0.31296501970701984	0.7749551693338358	0.28849938782723056	0.308864050497388	0.33399999141693115	11	14	105	184
980	NA	NA	NC_003796.1	NA	AGTGT	0.10694719899596185	0.47053289472177057	0.062498260124069734	0.4798964330621343	0.3173747676178183	0.3281943619684257	0.7260000109672546	14	11	106	176
981	NA	NA	NC_003796.1	NA	GTGTG	0.5968490223899436	0.7240463550304234	0.8771208097218439	0.9174482032722735	0.3326358979557066	0.34011086195471124	-0.2980000078678131	10	15	137	148
982	NA	NA	NC_003796.1	NA	TGTGA	0.6941899313387556	0.778334165440423	0.38235616847490234	0.7749551693338358	0.23699259421670402	0.274196561860168	0.23399999737739563	14	12	135	148
983	NA	NA	NC_003796.1	NA	GTGAC	0.596562150549969	0.7240463550304234	0.6041786171034611	0.7749551693338358	0.3154331027988164	0.3281943619684257	0.29600000381469727	12	13	113	164
984	NA	NA	NC_003796.1	NA	TGACT			0.44693727352902396	0.7749551693338358	0.16744752874782187	0.274196561860168		12	12	124	140
986	NA	NA	NC_003796.1	NA	ACTAC	0.5489635491473179	0.7004017696017505	0.12311693609605728	0.5378468823495446	0.12311693609605728	0.274196561860168	0.3269999921321869	11	14	104	181
987	NA	NA	NC_003796.1	NA	CTACC			0.7186743765386024	0.7879441959640099	0.13171836507401477	0.274196561860168		14	11	142	145
988	NA	NA	NC_003796.1	NA	TACCG	0.07010842808756801	0.39907874449846403	0.4087415824980992	0.7749551693338358	0.12474460206199563	0.274196561860168	0.8090000152587891	15	10	113	175
989	NA	NA	NC_003796.1	NA	ACCGT	0.2511821966158183	0.5744771354603725	0.38170401373719465	0.7749551693338358	0.3136348722916487	0.3281943619684257	0.5419999957084656	13	12	108	173
992	NA	NA	NC_003796.1	NA	GTTGT	0.3362467922696844	0.6036210755388456	0.593963286719073	0.7749551693338358	0.23343605773287782	0.274196561860168	0.46799999475479126	11	15	92	197
993	NA	NA	NC_003796.1	NA	TTGTT	0.10882549422200355	0.47053289472177057	0.022047184589591377	0.2507867247066019	0.34295813996276675	0.34676878596235305	0.7279999852180481	15	10	117	167
995	NA	NA	NC_003796.1	NA	GTTCG	0.8105044466730285	0.8692366529536827	0.10329133894630665	0.5122574694940231	0.08805050585373753	0.274196561860168	0.1899999976158142	10	13	114	176
996	NA	NA	NC_003796.1	NA	TTCGA	0.06893383034953793	0.39907874449846403	0.6078292274329306	0.7749551693338358	0.0978642453248783	0.274196561860168	0.8119999766349792	15	10	114	177
997	NA	NA	NC_003796.1	NA	TCGAA	0.10400063784633902	0.47053289472177057	0.17176782384332387	0.6488662663541047	0.08838603334858564	0.274196561860168	0.7480000257492065	14	10	112	174
998	NA	NA	NC_003796.1	NA	CGAAA	0.4156697559327429	0.668136692209043	0.012508830725957263	0.21133699325101252	0.11262216750509274	0.274196561860168	0.4169999957084656	12	12	115	175
999	NA	NA	NC_003796.1	NA	GAAAC	0.15183579599351604	0.510720404705463	0.10695485626798283	0.5122574694940231	0.10764748023269903	0.274196561860168	0.6669999957084656	13	11	108	181
1000	NA	NA	NC_003796.1	NA	AAACA	0.6609123642831383	0.7566533503455014	0.6557312971286303	0.7749551693338358	0.036757333397906225	0.274196561860168	0.26600000262260437	11	13	110	168
1001	NA	NA	NC_003796.1	NA	AACAA	0.048281312414807834	0.32480155624507084	0.39543527542555246	0.7749551693338358	0.08436772370381213	0.274196561860168	0.8859999775886536	16	9	114	163
1005	NA	NA	NC_003796.1	NA	AGTAA	0.11937251594123838	0.47053289472177057	0.056962882393873586	0.4798964330621343	0.13128490631171102	0.274196561860168	-0.7039999961853027	14	11	109	177
